{"cameraMode":{"drawMode":0,"name":"Shaded","section":"Shading Mode"},"sceneLighting":true,"audioPlay":false,"sceneViewState":{"showFog":false,"showMaterialUpdate":false,"showSkybox":false,"showFlares":false,"showImageEffects":false,"showParticleSystems":false},"in2DMode":false,"pivot":{"x":-0.7793688774108887,"y":0.0625753402709961,"z":-3.4572954177856447},"rotation":{"x":-0.06985849887132645,"y":0.9267904758453369,"z":-0.2168157994747162,"w":-0.29861390590667727},"size":11.136282920837403,"orthographic":false}